mode,impl,N,B,d,k,median_ms,p95_ms,runs,max_abs_err,indices_match,device,seed
persistent,cpu_numpy,2039,1,384,5,0.6309,0.6636,15,0.000e+00,True,"Tesla T4 (sm_75, 14.6 GB)",0
persistent,v3_topk,2039,1,384,5,0.738,0.7419,15,1.490e-08,True,"Tesla T4 (sm_75, 14.6 GB)",0
persistent,v4_batch,2039,1,384,5,0.3708,0.3793,15,1.490e-08,True,"Tesla T4 (sm_75, 14.6 GB)",0
persistent,v5_regblock,2039,1,384,5,0.2902,0.2966,15,1.490e-08,True,"Tesla T4 (sm_75, 14.6 GB)",0
persistent,cublas,2039,1,384,5,0.0999,0.1094,15,0.000e+00,True,"Tesla T4 (sm_75, 14.6 GB)",0
persistent,torch_gpu,2039,1,384,5,0.21,0.2296,15,0.000e+00,True,"Tesla T4 (sm_75, 14.6 GB)",0
persistent,cpu_numpy,2039,8,384,5,2.5399,2.9126,15,0.000e+00,True,"Tesla T4 (sm_75, 14.6 GB)",0
persistent,v3_topk,2039,8,384,5,0.802,0.8083,15,1.192e-07,True,"Tesla T4 (sm_75, 14.6 GB)",0
persistent,v4_batch,2039,8,384,5,0.6463,0.6521,15,1.192e-07,True,"Tesla T4 (sm_75, 14.6 GB)",0
persistent,v5_regblock,2039,8,384,5,0.4088,0.4245,15,1.192e-07,True,"Tesla T4 (sm_75, 14.6 GB)",0
persistent,cublas,2039,8,384,5,0.2157,0.2254,15,1.043e-07,True,"Tesla T4 (sm_75, 14.6 GB)",0
persistent,torch_gpu,2039,8,384,5,0.2695,0.2822,15,1.043e-07,True,"Tesla T4 (sm_75, 14.6 GB)",0
persistent,cpu_numpy,2039,32,384,5,6.9487,13.3454,15,0.000e+00,True,"Tesla T4 (sm_75, 14.6 GB)",0
persistent,v3_topk,2039,32,384,5,0.9411,0.9501,15,2.086e-07,True,"Tesla T4 (sm_75, 14.6 GB)",0
persistent,v4_batch,2039,32,384,5,0.6661,0.678,15,2.086e-07,True,"Tesla T4 (sm_75, 14.6 GB)",0
persistent,v5_regblock,2039,32,384,5,0.4286,0.4381,15,2.086e-07,True,"Tesla T4 (sm_75, 14.6 GB)",0
persistent,cublas,2039,32,384,5,0.4947,0.5272,15,2.533e-07,True,"Tesla T4 (sm_75, 14.6 GB)",0
persistent,torch_gpu,2039,32,384,5,0.2793,0.292,15,2.533e-07,True,"Tesla T4 (sm_75, 14.6 GB)",0
persistent,cpu_numpy,10000,1,384,5,4.0755,5.3423,15,0.000e+00,True,"Tesla T4 (sm_75, 14.6 GB)",0
persistent,v3_topk,10000,1,384,5,0.9672,1.1413,15,1.490e-08,True,"Tesla T4 (sm_75, 14.6 GB)",0
persistent,v4_batch,10000,1,384,5,0.5598,0.6305,15,1.490e-08,True,"Tesla T4 (sm_75, 14.6 GB)",0
persistent,v5_regblock,10000,1,384,5,0.4308,0.4582,15,1.490e-08,True,"Tesla T4 (sm_75, 14.6 GB)",0
persistent,cublas,10000,1,384,5,0.2074,0.2535,15,2.980e-08,True,"Tesla T4 (sm_75, 14.6 GB)",0
persistent,torch_gpu,10000,1,384,5,0.4447,0.7277,15,2.980e-08,True,"Tesla T4 (sm_75, 14.6 GB)",0
persistent,cpu_numpy,10000,8,384,5,27.5577,32.1338,15,0.000e+00,True,"Tesla T4 (sm_75, 14.6 GB)",0
persistent,v3_topk,10000,8,384,5,2.1254,3.0603,15,1.341e-07,True,"Tesla T4 (sm_75, 14.6 GB)",0
persistent,v4_batch,10000,8,384,5,0.7892,2.6581,15,1.341e-07,True,"Tesla T4 (sm_75, 14.6 GB)",0
persistent,v5_regblock,10000,8,384,5,0.5061,2.4895,15,1.341e-07,True,"Tesla T4 (sm_75, 14.6 GB)",0
persistent,cublas,10000,8,384,5,0.6578,2.6421,15,1.341e-07,True,"Tesla T4 (sm_75, 14.6 GB)",0
persistent,torch_gpu,10000,8,384,5,0.5024,0.5118,15,1.341e-07,True,"Tesla T4 (sm_75, 14.6 GB)",0
persistent,cpu_numpy,10000,32,384,5,86.208,93.0378,15,0.000e+00,True,"Tesla T4 (sm_75, 14.6 GB)",0
persistent,v3_topk,10000,32,384,5,3.4185,3.9813,15,1.639e-07,True,"Tesla T4 (sm_75, 14.6 GB)",0
persistent,v4_batch,10000,32,384,5,1.381,1.4119,15,1.639e-07,True,"Tesla T4 (sm_75, 14.6 GB)",0
persistent,v5_regblock,10000,32,384,5,0.7866,0.8146,15,1.639e-07,True,"Tesla T4 (sm_75, 14.6 GB)",0
persistent,cublas,10000,32,384,5,1.9807,2.1959,15,0.000e+00,True,"Tesla T4 (sm_75, 14.6 GB)",0
persistent,torch_gpu,10000,32,384,5,0.5618,0.584,15,0.000e+00,True,"Tesla T4 (sm_75, 14.6 GB)",0
persistent,cpu_numpy,100000,1,384,5,81.6854,84.2165,15,0.000e+00,True,"Tesla T4 (sm_75, 14.6 GB)",0
persistent,v3_topk,100000,1,384,5,1.3411,1.3492,15,1.490e-08,True,"Tesla T4 (sm_75, 14.6 GB)",0
persistent,v4_batch,100000,1,384,5,1.6679,1.676,15,1.490e-08,True,"Tesla T4 (sm_75, 14.6 GB)",0
persistent,v5_regblock,100000,1,384,5,1.3397,1.3563,15,1.490e-08,True,"Tesla T4 (sm_75, 14.6 GB)",0
persistent,cublas,100000,1,384,5,1.2452,1.3681,15,2.980e-08,True,"Tesla T4 (sm_75, 14.6 GB)",0
persistent,torch_gpu,100000,1,384,5,0.9116,0.9328,15,2.980e-08,True,"Tesla T4 (sm_75, 14.6 GB)",0
persistent,cpu_numpy,100000,8,384,5,224.7634,243.8479,15,0.000e+00,True,"Tesla T4 (sm_75, 14.6 GB)",0
persistent,v3_topk,100000,8,384,5,7.5463,7.5672,15,1.192e-07,True,"Tesla T4 (sm_75, 14.6 GB)",0
persistent,v4_batch,100000,8,384,5,1.9638,1.9731,15,1.192e-07,True,"Tesla T4 (sm_75, 14.6 GB)",0
persistent,v5_regblock,100000,8,384,5,1.2534,1.2589,15,1.192e-07,True,"Tesla T4 (sm_75, 14.6 GB)",0
persistent,cublas,100000,8,384,5,3.9218,5.0774,15,1.341e-07,True,"Tesla T4 (sm_75, 14.6 GB)",0
persistent,torch_gpu,100000,8,384,5,1.6136,1.643,15,1.341e-07,True,"Tesla T4 (sm_75, 14.6 GB)",0
persistent,cpu_numpy,100000,32,384,5,523.0025,690.579,15,0.000e+00,True,"Tesla T4 (sm_75, 14.6 GB)",0
persistent,v3_topk,100000,32,384,5,21.2139,26.9674,15,1.788e-07,True,"Tesla T4 (sm_75, 14.6 GB)",0
persistent,v4_batch,100000,32,384,5,5.0978,5.2058,15,1.788e-07,True,"Tesla T4 (sm_75, 14.6 GB)",0
persistent,v5_regblock,100000,32,384,5,3.497,3.5292,15,1.788e-07,True,"Tesla T4 (sm_75, 14.6 GB)",0
persistent,cublas,100000,32,384,5,9.7264,9.9558,15,0.000e+00,True,"Tesla T4 (sm_75, 14.6 GB)",0
persistent,torch_gpu,100000,32,384,5,1.8803,1.991,15,0.000e+00,True,"Tesla T4 (sm_75, 14.6 GB)",0
persistent,v3_topk,1000000,1,384,5,9.8521,10.0279,15,1.490e-08,True,"Tesla T4 (sm_75, 14.6 GB)",0
persistent,v4_batch,1000000,1,384,5,8.9052,10.2916,15,1.490e-08,True,"Tesla T4 (sm_75, 14.6 GB)",0
persistent,v5_regblock,1000000,1,384,5,7.7345,7.8175,15,1.490e-08,True,"Tesla T4 (sm_75, 14.6 GB)",0
persistent,cublas,1000000,1,384,5,9.1524,9.411,15,2.980e-08,True,"Tesla T4 (sm_75, 14.6 GB)",0
persistent,torch_gpu,1000000,1,384,5,6.4486,6.476,15,2.980e-08,True,"Tesla T4 (sm_75, 14.6 GB)",0
persistent,v3_topk,1000000,8,384,5,52.3258,52.6627,15,1.490e-07,True,"Tesla T4 (sm_75, 14.6 GB)",0
persistent,v4_batch,1000000,8,384,5,12.5857,12.8733,15,1.490e-07,True,"Tesla T4 (sm_75, 14.6 GB)",0
persistent,v5_regblock,1000000,8,384,5,9.0902,9.3404,15,1.490e-07,True,"Tesla T4 (sm_75, 14.6 GB)",0
persistent,cublas,1000000,8,384,5,33.2599,34.4046,15,1.341e-07,True,"Tesla T4 (sm_75, 14.6 GB)",0
persistent,torch_gpu,1000000,8,384,5,13.4839,13.5156,15,1.341e-07,True,"Tesla T4 (sm_75, 14.6 GB)",0
persistent,v3_topk,1000000,32,384,5,205.2115,205.7041,15,1.490e-07,True,"Tesla T4 (sm_75, 14.6 GB)",0
persistent,v4_batch,1000000,32,384,5,49.6612,50.2717,15,1.490e-07,True,"Tesla T4 (sm_75, 14.6 GB)",0
persistent,v5_regblock,1000000,32,384,5,37.9749,38.5073,15,1.490e-07,True,"Tesla T4 (sm_75, 14.6 GB)",0
persistent,cublas,1000000,32,384,5,98.0131,159.404,15,0.000e+00,True,"Tesla T4 (sm_75, 14.6 GB)",0
persistent,torch_gpu,1000000,32,384,5,17.9748,18.8726,15,0.000e+00,True,"Tesla T4 (sm_75, 14.6 GB)",0
